state,county,tract,puma
24,1,100,101
24,1,200,101
24,1,500,101
24,1,600,101
24,1,700,101
24,1,800,101
24,1,1000,101
24,1,1100,101
24,1,1200,101
24,1,1300,101
24,1,1401,101
24,1,1402,101
24,1,1502,101
24,1,1503,101
24,1,1600,101
24,1,1700,101
24,1,1800,101
24,1,1900,101
24,1,2000,101
24,1,2100,101
24,1,2200,101
24,1,2300,101
24,3,701101,1205
24,3,701103,1205
24,3,701104,1205
24,3,701201,1205
24,3,701202,1205
24,3,701301,1205
24,3,701302,1205
24,3,701400,1205
24,3,702100,1204
24,3,702204,1204
24,3,702205,1204
24,3,702206,1204
24,3,702208,1204
24,3,702209,1204
24,3,702300,1205
24,3,702402,1204
24,3,702500,1205
24,3,702601,1205
24,3,702602,1205
24,3,702702,1204
24,3,702703,1205
24,3,702704,1205
24,3,706102,1205
24,3,706103,1205
24,3,706302,1205
24,3,706303,1205
24,3,706304,1205
24,3,706402,1205
24,3,706403,1205
24,3,706404,1205
24,3,706500,1205
24,3,706600,1205
24,3,706700,1205
24,3,707001,1205
24,3,707002,1205
24,3,708001,1205
24,3,708004,1205
24,3,730101,1202
24,3,730102,1202
24,3,730204,1202
24,3,730205,1202
24,3,730206,1202
24,3,730300,1202
24,3,730401,1202
24,3,730403,1202
24,3,730404,1202
24,3,730507,1204
24,3,730508,1204
24,3,730509,1204
24,3,730510,1204
24,3,730511,1204
24,3,730512,1204
24,3,730513,1204
24,3,730514,1204
24,3,730601,1204
24,3,730603,1203
24,3,730605,1203
24,3,730606,1203
24,3,730701,1203
24,3,730702,1203
24,3,730800,1203
24,3,730901,1203
24,3,730902,1203
24,3,731002,1203
24,3,731003,1203
24,3,731004,1203
24,3,731103,1203
24,3,731104,1203
24,3,731105,1203
24,3,731106,1203
24,3,731107,1203
24,3,731201,1203
24,3,731205,1203
24,3,731206,1203
24,3,731207,1203
24,3,731208,1203
24,3,731209,1203
24,3,731210,1203
24,3,731303,1203
24,3,731306,1203
24,3,731307,1203
24,3,731308,1202
24,3,731309,1202
24,3,731310,1202
24,3,731312,1202
24,3,731313,1202
24,3,740103,1201
24,3,740104,1201
24,3,740105,1201
24,3,740106,1201
24,3,740107,1201
24,3,740108,1201
24,3,740203,1204
24,3,740204,1204
24,3,740205,1204
24,3,740303,1204
24,3,740304,1201
24,3,740305,1201
24,3,740400,1201
24,3,740501,1201
24,3,740502,1201
24,3,740601,1201
24,3,740602,1201
24,3,740603,1201
24,3,740701,1201
24,3,740703,1201
24,3,740704,1201
24,3,740800,1204
24,3,740900,1201
24,3,741000,1204
24,3,750101,1202
24,3,750102,1202
24,3,750201,1202
24,3,750204,1202
24,3,750300,1202
24,3,750400,1202
24,3,750801,1202
24,3,750803,1202
24,3,750804,1202
24,3,750900,1202
24,3,751000,1202
24,3,751102,1202
24,3,751103,1202
24,3,751200,1201
24,3,751400,1201
24,3,751500,1201
24,3,751600,1204
24,3,751700,1204
24,3,980000,1201
24,3,990000,1205
24,5,400100,507
24,5,400200,507
24,5,400400,507
24,5,400500,507
24,5,400600,507
24,5,400701,507
24,5,400702,507
24,5,400800,507
24,5,400900,507
24,5,401000,507
24,5,401101,507
24,5,401102,507
24,5,401200,507
24,5,401301,507
24,5,401302,507
24,5,401400,507
24,5,401503,507
24,5,401504,507
24,5,401505,507
24,5,401506,507
24,5,401507,507
24,5,402201,501
24,5,402202,501
24,5,402302,502
24,5,402303,502
24,5,402304,502
24,5,402305,502
24,5,402306,502
24,5,402307,502
24,5,402403,502
24,5,402404,502
24,5,402405,502
24,5,402407,502
24,5,402408,502
24,5,402409,502
24,5,402503,501
24,5,402504,501
24,5,402505,502
24,5,402506,502
24,5,402510,502
24,5,402511,502
24,5,402602,502
24,5,402603,502
24,5,402604,502
24,5,403100,502
24,5,403201,502
24,5,403202,502
24,5,403300,502
24,5,403401,503
24,5,403402,503
24,5,403500,503
24,5,403601,503
24,5,403602,503
24,5,403702,502
24,5,403703,501
24,5,403704,501
24,5,403801,501
24,5,403802,501
24,5,403803,503
24,5,404101,502
24,5,404102,502
24,5,404201,502
24,5,404202,502
24,5,404402,502
24,5,404403,502
24,5,404404,502
24,5,404501,502
24,5,404502,502
24,5,404600,501
24,5,404800,501
24,5,404900,501
24,5,405000,501
24,5,406000,501
24,5,407001,501
24,5,407002,501
24,5,408100,501
24,5,408200,501
24,5,408302,501
24,5,408303,501
24,5,408304,501
24,5,408400,503
24,5,408502,501
24,5,408503,503
24,5,408505,503
24,5,408506,503
24,5,408507,503
24,5,408601,503
24,5,408602,503
24,5,408702,503
24,5,408703,503
24,5,408704,503
24,5,408800,503
24,5,408900,503
24,5,410100,501
24,5,410200,501
24,5,411101,501
24,5,411102,501
24,5,411201,501
24,5,411202,501
24,5,411302,505
24,5,411303,505
24,5,411306,505
24,5,411307,505
24,5,411308,505
24,5,411309,505
24,5,411404,504
24,5,411406,504
24,5,411408,504
24,5,411409,504
24,5,411410,504
24,5,411411,504
24,5,411412,504
24,5,411413,504
24,5,420100,506
24,5,420200,506
24,5,420301,506
24,5,420302,506
24,5,420303,506
24,5,420401,506
24,5,420402,506
24,5,420500,506
24,5,420600,506
24,5,420701,506
24,5,420702,506
24,5,420800,506
24,5,420900,506
24,5,421000,506
24,5,421101,506
24,5,421102,506
24,5,421200,506
24,5,430101,507
24,5,430104,507
24,5,430200,507
24,5,430300,507
24,5,430400,507
24,5,430600,507
24,5,430700,507
24,5,430800,507
24,5,430900,507
24,5,440100,504
24,5,440200,504
24,5,440300,504
24,5,440400,505
24,5,440500,505
24,5,440600,505
24,5,440701,505
24,5,440702,505
24,5,440800,505
24,5,440900,505
24,5,441000,505
24,5,441101,505
24,5,441102,505
24,5,450100,505
24,5,450200,506
24,5,450300,506
24,5,450400,506
24,5,450501,506
24,5,450503,506
24,5,450504,506
24,5,450800,506
24,5,450900,506
24,5,451000,506
24,5,451100,506
24,5,451200,505
24,5,451300,505
24,5,451401,505
24,5,451402,505
24,5,451500,506
24,5,451600,506
24,5,451701,505
24,5,451702,505
24,5,451801,506
24,5,451802,506
24,5,451803,506
24,5,451900,506
24,5,452000,506
24,5,452100,506
24,5,452300,506
24,5,452400,506
24,5,452500,506
24,5,490100,501
24,5,490200,503
24,5,490302,504
24,5,490303,503
24,5,490304,503
24,5,490400,503
24,5,490500,503
24,5,490601,503
24,5,490602,503
24,5,490603,503
24,5,490605,503
24,5,490701,503
24,5,490703,503
24,5,490800,504
24,5,490900,504
24,5,491000,504
24,5,491100,504
24,5,491201,504
24,5,491202,504
24,5,491300,504
24,5,491401,504
24,5,491402,504
24,5,491500,504
24,5,491600,504
24,5,491701,504
24,5,491900,504
24,5,492001,504
24,5,492002,504
24,5,492101,504
24,5,492102,504
24,5,492200,504
24,5,492300,506
24,5,492401,502
24,5,492402,502
24,5,492500,507
24,5,492600,504
24,5,492700,506
24,5,980100,507
24,5,980200,507
24,9,860103,1501
24,9,860200,1501
24,9,860300,1501
24,9,860402,1501
24,9,860403,1501
24,9,860404,1501
24,9,860501,1501
24,9,860502,1501
24,9,860600,1501
24,9,860701,1501
24,9,860702,1501
24,9,860703,1501
24,9,860801,1501
24,9,860901,1501
24,9,860902,1501
24,9,861003,1501
24,9,861004,1501
24,9,861100,1501
24,9,990100,1501
24,11,955000,1300
24,11,955100,1300
24,11,955201,1300
24,11,955202,1300
24,11,955301,1300
24,11,955302,1300
24,11,955400,1300
24,11,955500,1300
24,11,955600,1300
24,13,501001,400
24,13,501002,400
24,13,502000,400
24,13,503000,400
24,13,504100,400
24,13,504201,400
24,13,504202,400
24,13,505101,400
24,13,505102,400
24,13,505203,400
24,13,505205,400
24,13,505206,400
24,13,505207,400
24,13,505208,400
24,13,506101,400
24,13,506102,400
24,13,506200,400
24,13,507500,400
24,13,507601,400
24,13,507602,400
24,13,507702,400
24,13,507703,400
24,13,507704,400
24,13,507801,400
24,13,507802,400
24,13,508103,400
24,13,508200,400
24,13,509001,400
24,13,509002,400
24,13,510000,400
24,13,511000,400
24,13,512000,400
24,13,513001,400
24,13,513002,400
24,13,514100,400
24,13,514201,400
24,13,514202,400
24,15,30100,700
24,15,30200,700
24,15,30400,700
24,15,30501,700
24,15,30503,700
24,15,30505,700
24,15,30507,700
24,15,30508,700
24,15,30601,700
24,15,30602,700
24,15,30700,700
24,15,30903,700
24,15,30904,700
24,15,30905,700
24,15,30907,700
24,15,30908,700
24,15,31201,700
24,15,31202,700
24,15,31301,700
24,15,31302,700
24,15,31400,700
24,17,850101,1700
24,17,850102,1700
24,17,850201,1700
24,17,850202,1700
24,17,850300,1700
24,17,850400,1700
24,17,850500,1700
24,17,850600,1700
24,17,850706,1700
24,17,850708,1700
24,17,850709,1700
24,17,850710,1700
24,17,850711,1700
24,17,850712,1700
24,17,850713,1700
24,17,850801,1700
24,17,850802,1700
24,17,850901,1700
24,17,850902,1700
24,17,850904,1700
24,17,850905,1700
24,17,850906,1700
24,17,851001,1700
24,17,851003,1700
24,17,851004,1700
24,17,851100,1700
24,17,851200,1700
24,17,851301,1700
24,17,851302,1700
24,17,851401,1700
24,17,851402,1700
24,17,851403,1700
24,17,851501,1700
24,17,851502,1700
24,17,990000,1700
24,19,970100,1300
24,19,970200,1300
24,19,970300,1300
24,19,970400,1300
24,19,970500,1300
24,19,970600,1300
24,19,970702,1300
24,19,970804,1300
24,19,970900,1300
24,19,990000,1300
24,21,740200,302
24,21,750100,301
24,21,750200,301
24,21,750300,301
24,21,750504,301
24,21,750505,301
24,21,750506,301
24,21,750507,301
24,21,750508,301
24,21,750600,301
24,21,750701,301
24,21,750702,301
24,21,750801,301
24,21,750802,301
24,21,750804,301
24,21,750805,301
24,21,751001,301
24,21,751002,301
24,21,751003,301
24,21,751004,301
24,21,751201,301
24,21,751202,301
24,21,751203,301
24,21,751301,301
24,21,751302,302
24,21,751600,302
24,21,751701,301
24,21,751702,302
24,21,751801,302
24,21,751802,302
24,21,751902,301
24,21,751903,302
24,21,751904,301
24,21,751905,301
24,21,751906,301
24,21,752001,302
24,21,752101,302
24,21,752102,302
24,21,752201,302
24,21,752202,302
24,21,752205,302
24,21,752206,302
24,21,752301,301
24,21,752302,302
24,21,752303,302
24,21,752501,302
24,21,752502,302
24,21,752601,302
24,21,752602,302
24,21,752603,302
24,21,752801,302
24,21,752802,302
24,21,752900,302
24,21,753001,302
24,21,753002,302
24,21,765100,301
24,21,766800,302
24,21,767500,302
24,21,767600,302
24,21,770700,302
24,21,772200,301
24,21,773500,302
24,21,775302,302
24,21,775400,302
24,21,775600,301
24,23,100,101
24,23,200,101
24,23,300,101
24,23,400,101
24,23,501,101
24,23,502,101
24,23,601,101
24,23,602,101
24,23,700,101
24,25,301102,601
24,25,301105,602
24,25,301106,602
24,25,301107,602
24,25,301108,602
24,25,301201,601
24,25,301202,601
24,25,301204,602
24,25,301205,602
24,25,301301,602
24,25,301302,602
24,25,301401,602
24,25,301402,602
24,25,301601,602
24,25,301602,602
24,25,301703,602
24,25,301704,602
24,25,301705,602
24,25,301706,602
24,25,301707,602
24,25,302100,601
24,25,302200,601
24,25,302400,602
24,25,302801,602
24,25,302802,602
24,25,302901,602
24,25,302902,602
24,25,303101,601
24,25,303102,601
24,25,303201,601
24,25,303203,601
24,25,303204,601
24,25,303205,601
24,25,303206,601
24,25,303300,601
24,25,303400,601
24,25,303501,601
24,25,303502,601
24,25,303602,601
24,25,303603,601
24,25,303605,601
24,25,303606,601
24,25,303700,601
24,25,303801,601
24,25,303802,601
24,25,303803,601
24,25,303900,601
24,25,304101,601
24,25,304102,601
24,25,304201,601
24,25,304202,601
24,25,305100,601
24,25,305200,601
24,25,305300,601
24,25,306100,602
24,25,306200,602
24,25,306300,602
24,25,306400,602
24,25,306500,602
24,27,601103,903
24,27,601104,903
24,27,601105,903
24,27,601107,903
24,27,601108,903
24,27,601203,903
24,27,601204,903
24,27,601205,903
24,27,601206,903
24,27,602100,901
24,27,602201,901
24,27,602202,901
24,27,602302,901
24,27,602303,901
24,27,602304,901
24,27,602305,901
24,27,602306,901
24,27,602600,901
24,27,602700,903
24,27,602800,901
24,27,602900,901
24,27,603001,901
24,27,603003,901
24,27,603004,901
24,27,604001,901
24,27,604003,901
24,27,604004,901
24,27,605103,901
24,27,605104,901
24,27,605105,901
24,27,605106,901
24,27,605401,902
24,27,605403,902
24,27,605404,902
24,27,605502,902
24,27,605503,902
24,27,605504,902
24,27,605505,902
24,27,605601,902
24,27,605602,902
24,27,606601,902
24,27,606603,902
24,27,606604,902
24,27,606606,902
24,27,606607,902
24,27,606701,902
24,27,606704,902
24,27,606706,902
24,27,606708,902
24,27,606803,902
24,27,606804,902
24,27,606805,903
24,27,606807,903
24,27,606808,903
24,27,606901,903
24,27,606904,903
24,27,606905,903
24,27,606906,903
24,27,606907,903
24,29,950100,1300
24,29,950200,1300
24,29,950300,1300
24,29,950400,1300
24,29,950500,1300
24,29,990000,1300
24,31,700101,1001
24,31,700103,1001
24,31,700104,1002
24,31,700105,1002
24,31,700204,1001
24,31,700206,1001
24,31,700207,1001
24,31,700208,1001
24,31,700209,1001
24,31,700210,1002
24,31,700306,1002
24,31,700308,1002
24,31,700309,1002
24,31,700310,1002
24,31,700313,1002
24,31,700314,1002
24,31,700315,1002
24,31,700316,1002
24,31,700317,1001
24,31,700318,1001
24,31,700400,1001
24,31,700500,1001
24,31,700604,1001
24,31,700606,1004
24,31,700608,1001
24,31,700610,1003
24,31,700611,1002
24,31,700613,1002
24,31,700614,1002
24,31,700615,1004
24,31,700616,1004
24,31,700617,1004
24,31,700618,1004
24,31,700706,1003
24,31,700710,1003
24,31,700711,1003
24,31,700713,1002
24,31,700715,1002
24,31,700718,1003
24,31,700720,1003
24,31,700721,1002
24,31,700723,1003
24,31,700724,1003
24,31,700725,1003
24,31,700726,1003
24,31,700727,1003
24,31,700728,1003
24,31,700729,1002
24,31,700730,1002
24,31,700731,1003
24,31,700732,1003
24,31,700733,1003
24,31,700810,1002
24,31,700811,1002
24,31,700812,1002
24,31,700813,1002
24,31,700815,1002
24,31,700818,1002
24,31,700819,1002
24,31,700820,1003
24,31,700822,1003
24,31,700823,1003
24,31,700824,1003
24,31,700826,1003
24,31,700828,1003
24,31,700829,1003
24,31,700830,1002
24,31,700832,1002
24,31,700833,1002
24,31,700834,1002
24,31,700835,1002
24,31,700836,1003
24,31,700837,1003
24,31,700838,1003
24,31,700839,1003
24,31,700901,1003
24,31,700902,1003
24,31,700903,1003
24,31,700904,1003
24,31,700905,1003
24,31,701001,1003
24,31,701002,1003
24,31,701004,1003
24,31,701005,1003
24,31,701006,1003
24,31,701007,1003
24,31,701101,1003
24,31,701102,1003
24,31,701201,1004
24,31,701202,1004
24,31,701205,1004
24,31,701206,1004
24,31,701210,1004
24,31,701211,1003
24,31,701212,1001
24,31,701214,1004
24,31,701215,1004
24,31,701216,1004
24,31,701218,1004
24,31,701219,1004
24,31,701220,1004
24,31,701221,1004
24,31,701222,1004
24,31,701223,1004
24,31,701303,1005
24,31,701304,1001
24,31,701306,1001
24,31,701307,1001
24,31,701308,1001
24,31,701312,1001
24,31,701313,1001
24,31,701314,1001
24,31,701315,1001
24,31,701316,1001
24,31,701317,1001
24,31,701407,1006
24,31,701408,1006
24,31,701409,1006
24,31,701414,1006
24,31,701415,1006
24,31,701417,1006
24,31,701418,1006
24,31,701422,1006
24,31,701423,1006
24,31,701424,1006
24,31,701425,1006
24,31,701426,1006
24,31,701427,1006
24,31,701503,1006
24,31,701505,1006
24,31,701506,1006
24,31,701507,1006
24,31,701508,1006
24,31,701509,1006
24,31,701601,1007
24,31,701602,1007
24,31,701701,1007
24,31,701702,1007
24,31,701703,1007
24,31,701704,1007
24,31,701800,1007
24,31,701900,1007
24,31,702000,1007
24,31,702101,1007
24,31,702102,1007
24,31,702200,1007
24,31,702301,1007
24,31,702302,1007
24,31,702401,1007
24,31,702402,1007
24,31,702501,1007
24,31,702502,1007
24,31,702503,1007
24,31,702602,1007
24,31,702603,1007
24,31,702604,1007
24,31,702700,1007
24,31,702800,1007
24,31,702900,1007
24,31,703000,1007
24,31,703100,1007
24,31,703201,1005
24,31,703202,1005
24,31,703206,1005
24,31,703207,1005
24,31,703208,1006
24,31,703209,1005
24,31,703210,1006
24,31,703213,1005
24,31,703214,1005
24,31,703215,1005
24,31,703216,1005
24,31,703218,1005
24,31,703219,1005
24,31,703220,1006
24,31,703221,1006
24,31,703222,1005
24,31,703223,1005
24,31,703301,1005
24,31,703302,1005
24,31,703401,1005
24,31,703402,1005
24,31,703403,1005
24,31,703404,1005
24,31,703501,1005
24,31,703502,1005
24,31,703601,1005
24,31,703602,1005
24,31,703701,1005
24,31,703702,1005
24,31,703800,1005
24,31,703901,1007
24,31,703902,1005
24,31,704000,1007
24,31,704100,1005
24,31,704200,1005
24,31,704300,1005
24,31,704401,1004
24,31,704403,1008
24,31,704404,1008
24,31,704501,1008
24,31,704502,1008
24,31,704503,1008
24,31,704600,1008
24,31,704700,1008
24,31,704803,1008
24,31,704804,1008
24,31,704805,1008
24,31,704806,1008
24,31,705000,1008
24,31,705100,1008
24,31,705200,1008
24,31,705300,1008
24,31,705400,1008
24,31,705501,1008
24,31,705502,1008
24,31,705601,1008
24,31,705602,1008
24,31,705701,1008
24,31,705702,1008
24,31,705800,1008
24,31,705901,1008
24,31,705902,1008
24,31,705903,1008
24,31,706005,1004
24,31,706007,1004
24,31,706008,1004
24,31,706009,1004
24,31,706010,1004
24,31,706011,1004
24,31,706012,1004
24,31,706013,1004
24,33,800102,1102
24,33,800103,1102
24,33,800105,1102
24,33,800106,1102
24,33,800108,1102
24,33,800109,1102
24,33,800203,1102
24,33,800206,1102
24,33,800209,1102
24,33,800210,1102
24,33,800211,1102
24,33,800212,1102
24,33,800213,1102
24,33,800216,1102
24,33,800217,1102
24,33,800218,1102
24,33,800401,1105
24,33,800402,1105
24,33,800403,1105
24,33,800408,1105
24,33,800409,1105
24,33,800410,1102
24,33,800411,1102
24,33,800412,1102
24,33,800413,1102
24,33,800504,1105
24,33,800505,1105
24,33,800507,1105
24,33,800511,1105
24,33,800513,1105
24,33,800514,1105
24,33,800515,1105
24,33,800516,1105
24,33,800517,1105
24,33,800518,1105
24,33,800519,1105
24,33,800520,1105
24,33,800521,1105
24,33,800522,1105
24,33,800605,1105
24,33,800606,1105
24,33,800607,1105
24,33,800608,1105
24,33,800609,1105
24,33,800701,1105
24,33,800704,1106
24,33,800705,1106
24,33,800706,1106
24,33,800707,1106
24,33,800800,1106
24,33,800900,1106
24,33,801003,1106
24,33,801004,1106
24,33,801005,1106
24,33,801006,1106
24,33,801105,1106
24,33,801106,1106
24,33,801207,1106
24,33,801208,1106
24,33,801209,1106
24,33,801210,1106
24,33,801211,1106
24,33,801212,1106
24,33,801213,1106
24,33,801214,1106
24,33,801215,1106
24,33,801216,1106
24,33,801217,1106
24,33,801302,1106
24,33,801305,1106
24,33,801307,1106
24,33,801308,1106
24,33,801309,1106
24,33,801310,1106
24,33,801311,1106
24,33,801312,1106
24,33,801313,1106
24,33,801404,1107
24,33,801405,1107
24,33,801406,1107
24,33,801407,1107
24,33,801408,1107
24,33,801409,1107
24,33,801410,1107
24,33,801411,1107
24,33,801500,1107
24,33,801600,1107
24,33,801701,1107
24,33,801702,1107
24,33,801704,1107
24,33,801707,1107
24,33,801709,1107
24,33,801801,1107
24,33,801802,1107
24,33,801807,1107
24,33,801808,1107
24,33,801809,1107
24,33,801901,1107
24,33,801904,1107
24,33,801905,1107
24,33,801906,1107
24,33,801907,1107
24,33,801908,1107
24,33,802001,1107
24,33,802002,1104
24,33,802103,1104
24,33,802104,1104
24,33,802106,1104
24,33,802107,1104
24,33,802201,1105
24,33,802203,1104
24,33,802204,1104
24,33,802301,1104
24,33,802404,1104
24,33,802405,1107
24,33,802406,1104
24,33,802407,1104
24,33,802408,1104
24,33,802501,1107
24,33,802502,1104
24,33,802600,1104
24,33,802700,1104
24,33,802803,1104
24,33,802804,1104
24,33,802805,1104
24,33,802901,1104
24,33,803001,1104
24,33,803002,1104
24,33,803100,1104
24,33,803200,1104
24,33,803300,1104
24,33,803403,1104
24,33,803508,1104
24,33,803509,1104
24,33,803512,1105
24,33,803513,1105
24,33,803514,1105
24,33,803516,1105
24,33,803519,1104
24,33,803520,1105
24,33,803521,1105
24,33,803524,1104
24,33,803525,1104
24,33,803526,1105
24,33,803527,1105
24,33,803528,1105
24,33,803601,1105
24,33,803602,1104
24,33,803605,1103
24,33,803606,1102
24,33,803607,1105
24,33,803608,1105
24,33,803610,1103
24,33,803612,1103
24,33,803613,1103
24,33,803700,1103
24,33,803801,1103
24,33,803803,1103
24,33,803900,1103
24,33,804001,1103
24,33,804002,1103
24,33,804101,1103
24,33,804102,1103
24,33,804200,1103
24,33,804300,1103
24,33,804400,1103
24,33,804600,1103
24,33,804700,1103
24,33,804801,1103
24,33,804802,1103
24,33,804900,1103
24,33,805000,1101
24,33,805101,1101
24,33,805201,1101
24,33,805202,1101
24,33,805500,1101
24,33,805601,1101
24,33,805602,1101
24,33,805700,1101
24,33,805801,1101
24,33,805802,1101
24,33,805904,1101
24,33,805906,1101
24,33,805907,1101
24,33,805908,1101
24,33,805909,1101
24,33,806000,1101
24,33,806100,1103
24,33,806400,1101
24,33,806501,1103
24,33,806601,1103
24,33,806602,1103
24,33,806706,1103
24,33,806708,1102
24,33,806710,1102
24,33,806711,1102
24,33,806712,1102
24,33,806713,1101
24,33,806714,1101
24,33,806800,1101
24,33,806900,1101
24,33,807000,1101
24,33,807102,1103
24,33,807301,1101
24,33,807304,1102
24,33,807305,1101
24,33,807404,1102
24,33,807405,1102
24,33,807407,1102
24,33,807408,1102
24,33,807409,1102
24,33,807410,1102
24,33,807500,1103
24,33,980000,1101
24,35,810100,1300
24,35,810200,1300
24,35,810300,1300
24,35,810400,1300
24,35,810500,1300
24,35,810600,1300
24,35,810700,1300
24,35,810800,1300
24,35,810901,1300
24,35,810902,1300
24,35,811000,1300
24,35,990000,1300
24,35,990100,1300
24,35,990200,1300
24,37,875000,1601
24,37,875100,1601
24,37,875201,1601
24,37,875202,1601
24,37,875300,1601
24,37,875400,1601
24,37,875501,1601
24,37,875502,1601
24,37,875601,1601
24,37,875602,1601
24,37,875700,1601
24,37,875803,1501
24,37,875903,1601
24,37,875904,1601
24,37,875905,1601
24,37,875906,1601
24,37,876001,1501
24,37,876003,1601
24,37,876004,1601
24,37,876101,1601
24,37,876102,1601
24,37,876200,1601
24,37,990000,1601
24,39,930101,1400
24,39,930102,1400
24,39,930200,1400
24,39,930500,1400
24,39,930600,1400
24,39,930800,1400
24,39,990100,1400
24,41,960100,1300
24,41,960201,1300
24,41,960300,1300
24,41,960400,1300
24,41,960501,1300
24,41,960502,1300
24,41,960600,1300
24,41,960700,1300
24,41,960800,1300
24,41,960900,1300
24,41,990000,1300
24,43,100,201
24,43,200,201
24,43,301,201
24,43,302,201
24,43,400,201
24,43,500,201
24,43,601,201
24,43,602,201
24,43,700,201
24,43,800,201
24,43,900,201
24,43,1001,201
24,43,1002,201
24,43,10100,201
24,43,10200,201
24,43,10300,201
24,43,10401,201
24,43,10402,201
24,43,10600,101
24,43,10700,101
24,43,10802,201
24,43,10803,201
24,43,10901,201
24,43,10902,201
24,43,11000,201
24,43,11100,201
24,43,11202,201
24,43,11203,201
24,43,11204,201
24,43,11301,201
24,43,11302,201
24,43,11400,201
24,43,11501,201
24,43,11502,201
24,43,11600,201
24,43,11700,101
24,45,100,1400
24,45,200,1400
24,45,300,1400
24,45,400,1400
24,45,500,1400
24,45,10101,1400
24,45,10102,1400
24,45,10200,1400
24,45,10300,1400
24,45,10400,1400
24,45,10501,1400
24,45,10503,1400
24,45,10504,1400
24,45,10603,1400
24,45,10604,1400
24,45,10605,1400
24,45,10606,1400
24,45,10701,1400
24,45,10703,1400
24,45,10704,1400
24,45,10800,1400
24,47,950000,1400
24,47,950100,1400
24,47,950300,1400
24,47,950400,1400
24,47,950600,1400
24,47,950700,1400
24,47,950800,1400
24,47,950900,1400
24,47,951000,1400
24,47,951101,1400
24,47,951102,1400
24,47,951200,1400
24,47,951300,1400
24,47,951400,1400
24,47,951500,1400
24,47,951700,1400
24,47,980000,1400
24,47,990000,1400
24,510,10100,804
24,510,10200,804
24,510,10300,804
24,510,10400,804
24,510,10500,804
24,510,20100,804
24,510,20200,804
24,510,20300,804
24,510,30100,804
24,510,30200,804
24,510,40100,805
24,510,40200,805
24,510,60100,804
24,510,60200,804
24,510,60300,804
24,510,60400,804
24,510,70100,804
24,510,70200,804
24,510,70300,804
24,510,70400,804
24,510,80101,803
24,510,80102,803
24,510,80200,804
24,510,80301,804
24,510,80302,804
24,510,80400,804
24,510,80500,803
24,510,80600,804
24,510,80700,804
24,510,80800,804
24,510,90100,802
24,510,90200,803
24,510,90300,802
24,510,90400,802
24,510,90500,802
24,510,90600,803
24,510,90700,803
24,510,90800,804
24,510,90900,804
24,510,100100,804
24,510,100200,804
24,510,100300,804
24,510,110100,802
24,510,110200,802
24,510,120100,802
24,510,120201,802
24,510,120202,802
24,510,120300,802
24,510,120400,802
24,510,120500,804
24,510,120600,802
24,510,120700,802
24,510,130100,802
24,510,130200,802
24,510,130300,802
24,510,130400,802
24,510,130600,802
24,510,130700,802
24,510,130803,802
24,510,130804,802
24,510,130805,801
24,510,130806,801
24,510,140100,802
24,510,140200,802
24,510,140300,802
24,510,150100,801
24,510,150200,801
24,510,150300,801
24,510,150400,801
24,510,150500,801
24,510,150600,801
24,510,150701,801
24,510,150702,801
24,510,150800,801
24,510,150900,801
24,510,151000,801
24,510,151100,801
24,510,151200,801
24,510,151300,801
24,510,160100,801
24,510,160200,801
24,510,160300,801
24,510,160400,801
24,510,160500,801
24,510,160600,801
24,510,160700,801
24,510,160801,801
24,510,160802,801
24,510,170100,802
24,510,170200,802
24,510,170300,802
24,510,180300,805
24,510,190100,805
24,510,190200,805
24,510,190300,805
24,510,200100,805
24,510,200200,805
24,510,200300,805
24,510,200400,805
24,510,200500,805
24,510,200600,805
24,510,200701,805
24,510,200702,805
24,510,200800,805
24,510,210100,805
24,510,210200,805
24,510,220100,805
24,510,230100,805
24,510,230200,805
24,510,230300,805
24,510,240100,805
24,510,240200,805
24,510,240300,805
24,510,240400,805
24,510,250101,805
24,510,250102,805
24,510,250103,805
24,510,250203,805
24,510,250204,805
24,510,250205,805
24,510,250206,805
24,510,250207,805
24,510,250301,805
24,510,250303,805
24,510,250401,805
24,510,250402,805
24,510,250500,805
24,510,250600,805
24,510,260101,803
24,510,260102,803
24,510,260201,803
24,510,260202,803
24,510,260203,803
24,510,260301,803
24,510,260302,803
24,510,260303,803
24,510,260401,804
24,510,260402,803
24,510,260403,804
24,510,260404,804
24,510,260501,804
24,510,260604,804
24,510,260605,804
24,510,260700,804
24,510,260800,804
24,510,260900,804
24,510,261000,804
24,510,261100,804
24,510,270101,803
24,510,270102,803
24,510,270200,803
24,510,270301,803
24,510,270302,803
24,510,270401,803
24,510,270402,803
24,510,270501,803
24,510,270502,803
24,510,270600,803
24,510,270701,803
24,510,270702,803
24,510,270703,803
24,510,270801,803
24,510,270802,803
24,510,270803,803
24,510,270804,802
24,510,270805,802
24,510,270901,803
24,510,270902,803
24,510,270903,803
24,510,271001,802
24,510,271002,802
24,510,271101,802
24,510,271102,802
24,510,271200,802
24,510,271300,802
24,510,271400,802
24,510,271501,801
24,510,271503,802
24,510,271600,801
24,510,271700,801
24,510,271801,801
24,510,271802,801
24,510,271900,801
24,510,272003,801
24,510,272004,801
24,510,272005,801
24,510,272006,801
24,510,272007,801
24,510,280101,801
24,510,280102,801
24,510,280200,801
24,510,280301,801
24,510,280302,801
24,510,280401,801
24,510,280402,801
24,510,280403,805
24,510,280404,805
24,510,280500,804
24,510,280600,805
